mean_fit_time,std_fit_time,mean_score_time,std_score_time,param_tvec__max_features,param_tvec__ngram_range,param_xgboost__colsample_bytree,param_xgboost__gamma,param_xgboost__learning_rate,param_xgboost__max_depth,param_xgboost__min_child_weight,param_xgboost__min_split_loss,param_xgboost__reg_alpha,param_xgboost__reg_lambda,param_xgboost__scale_pos_weight,param_xgboost__subsample,params,split0_test_score,split1_test_score,split2_test_score,split3_test_score,mean_test_score,std_test_score,rank_test_score
3.9674078822135925,0.03382520195702592,0.2757619619369507,0.03868741935433568,7500,"(1, 1)",1,0.7319939418114051,0.5986584841970366,4,1,0.1,6,10,3,0.9330880728874675,"{'tvec__max_features': 7500, 'tvec__ngram_range': (1, 1), 'xgboost__colsample_bytree': 1, 'xgboost__gamma': 0.7319939418114051, 'xgboost__learning_rate': 0.5986584841970366, 'xgboost__max_depth': 4, 'xgboost__min_child_weight': 1, 'xgboost__min_split_loss': 0.1, 'xgboost__reg_alpha': 6, 'xgboost__reg_lambda': 10, 'xgboost__scale_pos_weight': 3, 'xgboost__subsample': 0.9330880728874675}",0.7754012978751446,0.7773625150700176,0.7803105156095467,0.7778246582957575,0.7777247467126165,0.0017482712444030837,13
5.881905436515808,1.3575866034937827,0.6125770807266235,0.1566539308640423,7500,"(1, 2)",0.8,0.9699098521619943,0.8324426408004217,3,1,0,0,9,2.5,0.5035331526098588,"{'tvec__max_features': 7500, 'tvec__ngram_range': (1, 2), 'xgboost__colsample_bytree': 0.8, 'xgboost__gamma': 0.9699098521619943, 'xgboost__learning_rate': 0.8324426408004217, 'xgboost__max_depth': 3, 'xgboost__min_child_weight': 1, 'xgboost__min_split_loss': 0, 'xgboost__reg_alpha': 0, 'xgboost__reg_lambda': 9, 'xgboost__scale_pos_weight': 2.5, 'xgboost__subsample': 0.5035331526098588}",0.7412658207973096,0.7521715092845576,0.7506365755614002,0.7578493931233657,0.7504808246916582,0.005960175547576367,89
5.597017765045166,0.15903685364661996,0.4753788709640503,0.0309496408143972,2500,"(1, 1)",1,0.6118528947223795,0.13949386065204183,5,3,0.1,2,6,2,0.5232252063599989,"{'tvec__max_features': 2500, 'tvec__ngram_range': (1, 1), 'xgboost__colsample_bytree': 1, 'xgboost__gamma': 0.6118528947223795, 'xgboost__learning_rate': 0.13949386065204183, 'xgboost__max_depth': 5, 'xgboost__min_child_weight': 3, 'xgboost__min_split_loss': 0.1, 'xgboost__reg_alpha': 2, 'xgboost__reg_lambda': 6, 'xgboost__scale_pos_weight': 2, 'xgboost__subsample': 0.5232252063599989}",0.7712334476670079,0.7749958981017129,0.7733291259853237,0.7788064124933485,0.7745912210618482,0.0027748481248562116,23
7.393878102302551,0.4554735336940446,1.1118736863136292,0.035973424844166525,7500,"(1, 3)",0.8,0.450499251969543,0.013264961159866528,2,3,0.05,1,9,2,0.5079831261101071,"{'tvec__max_features': 7500, 'tvec__ngram_range': (1, 3), 'xgboost__colsample_bytree': 0.8, 'xgboost__gamma': 0.450499251969543, 'xgboost__learning_rate': 0.013264961159866528, 'xgboost__max_depth': 2, 'xgboost__min_child_weight': 3, 'xgboost__min_split_loss': 0.05, 'xgboost__reg_alpha': 1, 'xgboost__reg_lambda': 9, 'xgboost__scale_pos_weight': 2, 'xgboost__subsample': 0.5079831261101071}",0.6560475043808874,0.6700056118724393,0.6501296234423531,0.6490454222245068,0.6563070404800466,0.008345804307045878,100
10.5973601937294,0.09041633839583627,1.0356063842773438,0.018995251729853228,5000,"(1, 3)",1,0.6099966577826209,0.8331949117361643,4,0,0.05,7,3,2.5,0.7125779372456224,"{'tvec__max_features': 5000, 'tvec__ngram_range': (1, 3), 'xgboost__colsample_bytree': 1, 'xgboost__gamma': 0.6099966577826209, 'xgboost__learning_rate': 0.8331949117361643, 'xgboost__max_depth': 4, 'xgboost__min_child_weight': 0, 'xgboost__min_split_loss': 0.05, 'xgboost__reg_alpha': 7, 'xgboost__reg_lambda': 3, 'xgboost__scale_pos_weight': 2.5, 'xgboost__subsample': 0.7125779372456224}",0.7673973459171745,0.7636388712527078,0.7658359772041696,0.7687581564962118,0.766407587717566,0.0019037676012737773,61
8.406464278697968,0.38422836018493833,0.7059511542320251,0.04218526642591359,5000,"(1, 2)",0.9,0.03131329245555858,0.8422847745949985,5,1,0.05,3,7,2.5,0.5979914312095727,"{'tvec__max_features': 5000, 'tvec__ngram_range': (1, 2), 'xgboost__colsample_bytree': 0.9, 'xgboost__gamma': 0.03131329245555858, 'xgboost__learning_rate': 0.8422847745949985, 'xgboost__max_depth': 5, 'xgboost__min_child_weight': 1, 'xgboost__min_split_loss': 0.05, 'xgboost__reg_alpha': 3, 'xgboost__reg_lambda': 7, 'xgboost__scale_pos_weight': 2.5, 'xgboost__subsample': 0.5979914312095727}",0.7570202446255323,0.7464899640221907,0.7660472964933372,0.7662258946087881,0.7589458499374622,0.008097633039259708,78
5.76357364654541,0.6695223147073034,0.8623098134994507,0.12072594901148324,2500,"(1, 2)",0.8,0.388677289689482,0.2713490317738959,2,1,0,8,0,2,0.9934434683002586,"{'tvec__max_features': 2500, 'tvec__ngram_range': (1, 2), 'xgboost__colsample_bytree': 0.8, 'xgboost__gamma': 0.388677289689482, 'xgboost__learning_rate': 0.2713490317738959, 'xgboost__max_depth': 2, 'xgboost__min_child_weight': 1, 'xgboost__min_split_loss': 0, 'xgboost__reg_alpha': 8, 'xgboost__reg_lambda': 0, 'xgboost__scale_pos_weight': 2, 'xgboost__subsample': 0.9934434683002586}",0.756652692550897,0.7636879751365517,0.7633830790362698,0.7693991345428032,0.7632807203166304,0.004515032627296348,71
9.45456212759018,0.2710727767938133,0.9953902363777161,0.02623918335642281,2500,"(1, 3)",1,0.19884240408880516,0.71134195274865,4,0,0.1,4,9,3,0.8255385127509722,"{'tvec__max_features': 2500, 'tvec__ngram_range': (1, 3), 'xgboost__colsample_bytree': 1, 'xgboost__gamma': 0.19884240408880516, 'xgboost__learning_rate': 0.71134195274865, 'xgboost__max_depth': 4, 'xgboost__min_child_weight': 0, 'xgboost__min_split_loss': 0.1, 'xgboost__reg_alpha': 4, 'xgboost__reg_lambda': 9, 'xgboost__scale_pos_weight': 3, 'xgboost__subsample': 0.8255385127509722}",0.7753689437766653,0.7659485372274021,0.7790850779073297,0.7794166921296891,0.7749548127602716,0.005437185879775956,21
5.780564785003662,0.14434138296961735,0.4995110034942627,0.03174457298331799,7500,"(1, 1)",0.9,0.09541011649041131,0.37081825219826636,3,4,0.1,7,5,3,0.7806217129238506,"{'tvec__max_features': 7500, 'tvec__ngram_range': (1, 1), 'xgboost__colsample_bytree': 0.9, 'xgboost__gamma': 0.09541011649041131, 'xgboost__learning_rate': 0.37081825219826636, 'xgboost__max_depth': 3, 'xgboost__min_child_weight': 4, 'xgboost__min_split_loss': 0.1, 'xgboost__reg_alpha': 7, 'xgboost__reg_lambda': 5, 'xgboost__scale_pos_weight': 3, 'xgboost__subsample': 0.7806217129238506}",0.7730746575580363,0.7732814235132699,0.7731701605741031,0.7768047095644824,0.7740827378024729,0.0015732337588722043,27
5.69410628080368,0.10873820494557966,0.500394880771637,0.022691037812842832,7500,"(1, 1)",1,0.713244787222995,0.7607850486168974,3,2,0,9,9,2,0.6008596011676981,"{'tvec__max_features': 7500, 'tvec__ngram_range': (1, 1), 'xgboost__colsample_bytree': 1, 'xgboost__gamma': 0.713244787222995, 'xgboost__learning_rate': 0.7607850486168974, 'xgboost__max_depth': 3, 'xgboost__min_child_weight': 2, 'xgboost__min_split_loss': 0, 'xgboost__reg_alpha': 9, 'xgboost__reg_lambda': 9, 'xgboost__scale_pos_weight': 2, 'xgboost__subsample': 0.6008596011676981}",0.7553092837706609,0.7605568594439966,0.7627896954241759,0.768275905888669,0.7617329361318755,0.00465224836701804,73
5.6261321902275085,0.14561466106205986,0.4918004274368286,0.006732197973554622,7500,"(1, 1)",0.8,0.5085706911647028,0.907566473926093,4,4,0.1,10,3,2,0.5384899549143964,"{'tvec__max_features': 7500, 'tvec__ngram_range': (1, 1), 'xgboost__colsample_bytree': 0.8, 'xgboost__gamma': 0.5085706911647028, 'xgboost__learning_rate': 0.907566473926093, 'xgboost__max_depth': 4, 'xgboost__min_child_weight': 4, 'xgboost__min_split_loss': 0.1, 'xgboost__reg_alpha': 10, 'xgboost__reg_lambda': 3, 'xgboost__scale_pos_weight': 2, 'xgboost__subsample': 0.5384899549143964}",0.7475051659503565,0.7534115904189167,0.7507653185067152,0.7566845193390466,0.7520916485537588,0.003377561348175208,87
10.542065680027008,0.08038617011285883,1.0529243350028992,0.023683147075585914,7500,"(1, 3)",0.9,0.8804678390152577,0.6243540481337932,3,0,0,5,3,2.5,0.9416401294594341,"{'tvec__max_features': 7500, 'tvec__ngram_range': (1, 3), 'xgboost__colsample_bytree': 0.9, 'xgboost__gamma': 0.8804678390152577, 'xgboost__learning_rate': 0.6243540481337932, 'xgboost__max_depth': 3, 'xgboost__min_child_weight': 0, 'xgboost__min_split_loss': 0, 'xgboost__reg_alpha': 5, 'xgboost__reg_lambda': 3, 'xgboost__scale_pos_weight': 2.5, 'xgboost__subsample': 0.9416401294594341}",0.7664217271093564,0.7834185814803454,0.7833559644869368,0.7812099314354577,0.7786015511280241,0.00708801786038441,11
7.839377224445343,0.15469676677381541,1.1321185231208801,0.13152178468834927,5000,"(1, 3)",0.8,0.3180034749718639,0.11005192452767676,2,2,0.05,8,3,2,0.9303652916281717,"{'tvec__max_features': 5000, 'tvec__ngram_range': (1, 3), 'xgboost__colsample_bytree': 0.8, 'xgboost__gamma': 0.3180034749718639, 'xgboost__learning_rate': 0.11005192452767676, 'xgboost__max_depth': 2, 'xgboost__min_child_weight': 2, 'xgboost__min_split_loss': 0.05, 'xgboost__reg_alpha': 8, 'xgboost__reg_lambda': 3, 'xgboost__scale_pos_weight': 2, 'xgboost__subsample': 0.9303652916281717}",0.7260549934030944,0.740896639296899,0.7370182610326279,0.7366513079426544,0.7351553004188189,0.005511062072172975,96
10.778017044067383,0.9434200842861266,0.9511999487876892,0.06361901433078515,7500,"(1, 2)",1,0.417411003148779,0.22210781047073025,4,1,0.1,10,5,2,0.7019180855290204,"{'tvec__max_features': 7500, 'tvec__ngram_range': (1, 2), 'xgboost__colsample_bytree': 1, 'xgboost__gamma': 0.417411003148779, 'xgboost__learning_rate': 0.22210781047073025, 'xgboost__max_depth': 4, 'xgboost__min_child_weight': 1, 'xgboost__min_split_loss': 0.1, 'xgboost__reg_alpha': 10, 'xgboost__reg_lambda': 5, 'xgboost__scale_pos_weight': 2, 'xgboost__subsample': 0.7019180855290204}",0.7657252813498131,0.7763413207399112,0.7715055452275632,0.7771182379017327,0.7726725963047552,0.0045511114436427805,32
6.39887148141861,0.1772901133382853,0.5959604382514954,0.023416430451180466,5000,"(1, 1)",0.9,0.9624472949421112,0.25178229582536416,3,2,0,4,0,2,0.6333905071376424,"{'tvec__max_features': 5000, 'tvec__ngram_range': (1, 1), 'xgboost__colsample_bytree': 0.9, 'xgboost__gamma': 0.9624472949421112, 'xgboost__learning_rate': 0.25178229582536416, 'xgboost__max_depth': 3, 'xgboost__min_child_weight': 2, 'xgboost__min_split_loss': 0, 'xgboost__reg_alpha': 4, 'xgboost__reg_lambda': 0, 'xgboost__scale_pos_weight': 2, 'xgboost__subsample': 0.6333905071376424}",0.7685237919193736,0.768978591657809,0.7740375691428146,0.7784112597009356,0.7724878031052332,0.004047130541407216,33
6.759379804134369,0.14662293327185638,0.7652280926704407,0.010787909375293584,5000,"(1, 2)",0.9,0.033050732900548385,0.345071248026683,2,2,0.05,1,4,2.5,0.9928252270553004,"{'tvec__max_features': 5000, 'tvec__ngram_range': (1, 2), 'xgboost__colsample_bytree': 0.9, 'xgboost__gamma': 0.033050732900548385, 'xgboost__learning_rate': 0.345071248026683, 'xgboost__max_depth': 2, 'xgboost__min_child_weight': 2, 'xgboost__min_split_loss': 0.05, 'xgboost__reg_alpha': 1, 'xgboost__reg_lambda': 4, 'xgboost__scale_pos_weight': 2.5, 'xgboost__subsample': 0.9928252270553004}",0.7570304742301984,0.7701013228324737,0.7624645064504737,0.7751437827866161,0.7661850215749404,0.006950625652883519,64
9.755581021308899,0.20549612850771895,1.059958815574646,0.0550950942170213,7500,"(1, 3)",1,0.36965445606140446,0.24215993827742588,3,4,0.05,5,5,3,0.908215936609692,"{'tvec__max_features': 7500, 'tvec__ngram_range': (1, 3), 'xgboost__colsample_bytree': 1, 'xgboost__gamma': 0.36965445606140446, 'xgboost__learning_rate': 0.24215993827742588, 'xgboost__max_depth': 3, 'xgboost__min_child_weight': 4, 'xgboost__min_split_loss': 0.05, 'xgboost__reg_alpha': 5, 'xgboost__reg_lambda': 5, 'xgboost__scale_pos_weight': 3, 'xgboost__subsample': 0.908215936609692}",0.7649198784056851,0.7775453765067045,0.7759080304185548,0.7781693609876036,0.774135661579637,0.00538444141968689,26
6.544968783855438,0.1897345429013628,0.5038197636604309,0.034297820310277054,2500,"(1, 1)",1,0.18651851039985423,0.040775141554763916,5,3,0.1,3,2,2.5,0.7560465291496405,"{'tvec__max_features': 2500, 'tvec__ngram_range': (1, 1), 'xgboost__colsample_bytree': 1, 'xgboost__gamma': 0.18651851039985423, 'xgboost__learning_rate': 0.040775141554763916, 'xgboost__max_depth': 5, 'xgboost__min_child_weight': 3, 'xgboost__min_split_loss': 0.1, 'xgboost__reg_alpha': 3, 'xgboost__reg_lambda': 2, 'xgboost__scale_pos_weight': 2.5, 'xgboost__subsample': 0.7560465291496405}",0.7485867682204723,0.7556731036745874,0.7497187168921216,0.7569435520487977,0.7527305352089948,0.0036280185534319116,85
10.063401937484741,0.08150092903411922,1.0865276455879211,0.08626888780967239,7500,"(1, 3)",0.8,0.690937738102466,0.3867353463005374,3,0,0.1,8,8,2.5,0.9623468091392814,"{'tvec__max_features': 7500, 'tvec__ngram_range': (1, 3), 'xgboost__colsample_bytree': 0.8, 'xgboost__gamma': 0.690937738102466, 'xgboost__learning_rate': 0.3867353463005374, 'xgboost__max_depth': 3, 'xgboost__min_child_weight': 0, 'xgboost__min_split_loss': 0.1, 'xgboost__reg_alpha': 8, 'xgboost__reg_lambda': 8, 'xgboost__scale_pos_weight': 2.5, 'xgboost__subsample': 0.9623468091392814}",0.7674462339115677,0.7808326021253779,0.7742856551326314,0.7819872675368833,0.776137939676615,0.00581444750304729,16
11.359815299510956,0.08057320759854017,0.7743361592292786,0.014299915597141749,5000,"(1, 2)",1,0.22855002179729966,0.17495492709593619,5,0,0,1,0,2.5,0.9486078789766634,"{'tvec__max_features': 5000, 'tvec__ngram_range': (1, 2), 'xgboost__colsample_bytree': 1, 'xgboost__gamma': 0.22855002179729966, 'xgboost__learning_rate': 0.17495492709593619, 'xgboost__max_depth': 5, 'xgboost__min_child_weight': 0, 'xgboost__min_split_loss': 0, 'xgboost__reg_alpha': 1, 'xgboost__reg_lambda': 0, 'xgboost__scale_pos_weight': 2.5, 'xgboost__subsample': 0.9486078789766634}",0.7811403439906782,0.7824058287380182,0.7796039762294356,0.7871221120887009,0.7825680652617082,0.002810243539760006,2
10.225309908390045,0.052854176160696854,1.0038690567016602,0.020035479010861324,2500,"(1, 3)",1,0.3390297910487007,0.3492095746126609,5,2,0.05,7,0,3,0.9678174971104738,"{'tvec__max_features': 2500, 'tvec__ngram_range': (1, 3), 'xgboost__colsample_bytree': 1, 'xgboost__gamma': 0.3390297910487007, 'xgboost__learning_rate': 0.3492095746126609, 'xgboost__max_depth': 5, 'xgboost__min_child_weight': 2, 'xgboost__min_split_loss': 0.05, 'xgboost__reg_alpha': 7, 'xgboost__reg_lambda': 0, 'xgboost__scale_pos_weight': 3, 'xgboost__subsample': 0.9678174971104738}",0.7802437072467948,0.7809635061837603,0.790265605501155,0.7882395104246089,0.7849280823390798,0.004390784200113576,1
5.972043931484222,0.19708268085450936,0.7814658880233765,0.04861457306931495,5000,"(1, 2)",1,0.3722827665617431,0.9401334424577784,2,4,0.05,1,1,2.5,0.7242120714931237,"{'tvec__max_features': 5000, 'tvec__ngram_range': (1, 2), 'xgboost__colsample_bytree': 1, 'xgboost__gamma': 0.3722827665617431, 'xgboost__learning_rate': 0.9401334424577784, 'xgboost__max_depth': 2, 'xgboost__min_child_weight': 4, 'xgboost__min_split_loss': 0.05, 'xgboost__reg_alpha': 1, 'xgboost__reg_lambda': 1, 'xgboost__scale_pos_weight': 2.5, 'xgboost__subsample': 0.7242120714931237}",0.7538998583556601,0.7444574436969873,0.76708854373405,0.7416373009005819,0.7517707866718197,0.009941568626175736,88
5.835608541965485,0.22753341320427717,0.5334879755973816,0.027525172588335846,2500,"(1, 1)",0.8,0.018075363615520867,0.4938937151834346,5,3,0.1,2,0,2,0.7712701152774497,"{'tvec__max_features': 2500, 'tvec__ngram_range': (1, 1), 'xgboost__colsample_bytree': 0.8, 'xgboost__gamma': 0.018075363615520867, 'xgboost__learning_rate': 0.4938937151834346, 'xgboost__max_depth': 5, 'xgboost__min_child_weight': 3, 'xgboost__min_split_loss': 0.1, 'xgboost__reg_alpha': 2, 'xgboost__reg_lambda': 0, 'xgboost__scale_pos_weight': 2, 'xgboost__subsample': 0.7712701152774497}",0.772206806445888,0.7711298886899369,0.7745708647813558,0.7713475317050325,0.7723137729055534,0.0013639198521977671,35
9.152582585811615,0.15946106148264305,1.0943607091903687,0.06412262551211567,7500,"(1, 3)",0.9,0.26520236768172545,0.24398964337908358,3,4,0.1,5,7,3,0.7171971827552144,"{'tvec__max_features': 7500, 'tvec__ngram_range': (1, 3), 'xgboost__colsample_bytree': 0.9, 'xgboost__gamma': 0.26520236768172545, 'xgboost__learning_rate': 0.24398964337908358, 'xgboost__max_depth': 3, 'xgboost__min_child_weight': 4, 'xgboost__min_split_loss': 0.1, 'xgboost__reg_alpha': 5, 'xgboost__reg_lambda': 7, 'xgboost__scale_pos_weight': 3, 'xgboost__subsample': 0.7171971827552144}",0.7670585794742745,0.7745335131034844,0.7738162550224027,0.7741695247124581,0.7723944680781549,0.0030910970942056052,34
5.262710273265839,0.07181249495299429,0.7662127614021301,0.03514321907596983,2500,"(1, 2)",0.8,0.5769038846263591,0.4925176938188639,2,3,0,2,3,3,0.8842770071531545,"{'tvec__max_features': 2500, 'tvec__ngram_range': (1, 2), 'xgboost__colsample_bytree': 0.8, 'xgboost__gamma': 0.5769038846263591, 'xgboost__learning_rate': 0.4925176938188639, 'xgboost__max_depth': 2, 'xgboost__min_child_weight': 3, 'xgboost__min_split_loss': 0, 'xgboost__reg_alpha': 2, 'xgboost__reg_lambda': 3, 'xgboost__scale_pos_weight': 3, 'xgboost__subsample': 0.8842770071531545}",0.765824246827514,0.76831812658577,0.7684919846212863,0.7717771904624562,0.7686028871242566,0.0021148541031848294,46
8.286465167999268,0.06793424596883356,0.752438485622406,0.021260727895750172,2500,"(1, 2)",0.8,0.2795603417967586,0.883494022266259,5,0,0,7,0,2.5,0.9833274095218347,"{'tvec__max_features': 2500, 'tvec__ngram_range': (1, 2), 'xgboost__colsample_bytree': 0.8, 'xgboost__gamma': 0.2795603417967586, 'xgboost__learning_rate': 0.883494022266259, 'xgboost__max_depth': 5, 'xgboost__min_child_weight': 0, 'xgboost__min_split_loss': 0, 'xgboost__reg_alpha': 7, 'xgboost__reg_lambda': 0, 'xgboost__scale_pos_weight': 2.5, 'xgboost__subsample': 0.9833274095218347}",0.7712242886023648,0.7582708536942053,0.7745511130910395,0.7739029958792738,0.7694873128167209,0.006594815582222182,42
5.383111655712128,0.14751001060641902,0.5186177492141724,0.016091663683348193,7500,"(1, 1)",1,0.30569701928718185,0.19091103115034602,2,2,0.05,8,9,3,0.9221065703631557,"{'tvec__max_features': 7500, 'tvec__ngram_range': (1, 1), 'xgboost__colsample_bytree': 1, 'xgboost__gamma': 0.30569701928718185, 'xgboost__learning_rate': 0.19091103115034602, 'xgboost__max_depth': 2, 'xgboost__min_child_weight': 2, 'xgboost__min_split_loss': 0.05, 'xgboost__reg_alpha': 8, 'xgboost__reg_lambda': 9, 'xgboost__scale_pos_weight': 3, 'xgboost__subsample': 0.9221065703631557}",0.7400356513617508,0.7522449867669194,0.7468923213995047,0.7536898775204823,0.7482157092621644,0.00535878479741105,90
8.045654714107513,0.2212110059102236,0.863280713558197,0.11540138589874084,7500,"(1, 2)",0.9,0.6150072266991697,0.9900538501042633,3,2,0.05,1,9,2,0.9243348974623372,"{'tvec__max_features': 7500, 'tvec__ngram_range': (1, 2), 'xgboost__colsample_bytree': 0.9, 'xgboost__gamma': 0.6150072266991697, 'xgboost__learning_rate': 0.9900538501042633, 'xgboost__max_depth': 3, 'xgboost__min_child_weight': 2, 'xgboost__min_split_loss': 0.05, 'xgboost__reg_alpha': 1, 'xgboost__reg_lambda': 9, 'xgboost__scale_pos_weight': 2, 'xgboost__subsample': 0.9243348974623372}",0.7615667091552106,0.7700033528559913,0.7755212066521788,0.7679275146281495,0.7687546958228826,0.0049923990789215045,44
8.157713174819946,0.23083318586647772,1.1048584580421448,0.09916540233111018,2500,"(1, 3)",0.9,0.35949115121975517,0.29359184426449336,4,1,0.1,1,8,2,0.5407970902001202,"{'tvec__max_features': 2500, 'tvec__ngram_range': (1, 3), 'xgboost__colsample_bytree': 0.9, 'xgboost__gamma': 0.35949115121975517, 'xgboost__learning_rate': 0.29359184426449336, 'xgboost__max_depth': 4, 'xgboost__min_child_weight': 1, 'xgboost__min_split_loss': 0.1, 'xgboost__reg_alpha': 1, 'xgboost__reg_lambda': 8, 'xgboost__scale_pos_weight': 2, 'xgboost__subsample': 0.5407970902001202}",0.7673764109122762,0.7719595422043721,0.7766892930608267,0.7819296782711417,0.7744887311121541,0.0054127641429686894,25
5.553273320198059,0.0591133552810212,0.5061973929405212,0.03069768945830591,7500,"(1, 1)",0.8,0.19427395351204224,0.07094091699992766,3,3,0.1,6,1,2.5,0.7192370615090435,"{'tvec__max_features': 7500, 'tvec__ngram_range': (1, 1), 'xgboost__colsample_bytree': 0.8, 'xgboost__gamma': 0.19427395351204224, 'xgboost__learning_rate': 0.07094091699992766, 'xgboost__max_depth': 3, 'xgboost__min_child_weight': 3, 'xgboost__min_split_loss': 0.1, 'xgboost__reg_alpha': 6, 'xgboost__reg_lambda': 1, 'xgboost__scale_pos_weight': 2.5, 'xgboost__subsample': 0.7192370615090435}",0.73642507671014,0.7419009504514464,0.7358289951006288,0.7461935161149996,0.7400871345943036,0.004246181906562596,94
7.258170187473297,0.22691937269117657,0.7797604203224182,0.009320055402721864,7500,"(1, 2)",1,0.46559801813246016,0.5426446347075766,2,1,0.05,5,0,2.5,0.9113002803298291,"{'tvec__max_features': 7500, 'tvec__ngram_range': (1, 2), 'xgboost__colsample_bytree': 1, 'xgboost__gamma': 0.46559801813246016, 'xgboost__learning_rate': 0.5426446347075766, 'xgboost__max_depth': 2, 'xgboost__min_child_weight': 1, 'xgboost__min_split_loss': 0.05, 'xgboost__reg_alpha': 5, 'xgboost__reg_lambda': 0, 'xgboost__scale_pos_weight': 2.5, 'xgboost__subsample': 0.9113002803298291}",0.7628037776264749,0.771680137538433,0.7752740725510522,0.7754563592351765,0.7713035867377841,0.005133196432112902,38
8.86396586894989,0.27220179205149175,1.0149520635604858,0.01754600352566268,5000,"(1, 3)",0.8,0.5222432600548044,0.7699935530986108,5,3,0,6,3,2.5,0.5258408605843039,"{'tvec__max_features': 5000, 'tvec__ngram_range': (1, 3), 'xgboost__colsample_bytree': 0.8, 'xgboost__gamma': 0.5222432600548044, 'xgboost__learning_rate': 0.7699935530986108, 'xgboost__max_depth': 5, 'xgboost__min_child_weight': 3, 'xgboost__min_split_loss': 0, 'xgboost__reg_alpha': 6, 'xgboost__reg_lambda': 3, 'xgboost__scale_pos_weight': 2.5, 'xgboost__subsample': 0.5258408605843039}",0.7583052495000577,0.753981694833035,0.7590330667093114,0.7645655627613529,0.7589713934509392,0.0037629567471997236,77
7.7831867933273315,0.3089386677401257,0.957910418510437,0.06796716470911894,5000,"(1, 3)",1,0.6374299014982066,0.7260913337226615,2,1,0.05,2,0,3,0.716760368790371,"{'tvec__max_features': 5000, 'tvec__ngram_range': (1, 3), 'xgboost__colsample_bytree': 1, 'xgboost__gamma': 0.6374299014982066, 'xgboost__learning_rate': 0.7260913337226615, 'xgboost__max_depth': 2, 'xgboost__min_child_weight': 1, 'xgboost__min_split_loss': 0.05, 'xgboost__reg_alpha': 2, 'xgboost__reg_lambda': 0, 'xgboost__scale_pos_weight': 3, 'xgboost__subsample': 0.716760368790371}",0.7580910225465244,0.7618516325555184,0.767502734300262,0.7566482285827425,0.7610234044962618,0.004195494744381457,75
9.53748106956482,0.12378737324581521,0.9442337155342102,0.04857402799688672,5000,"(1, 3)",0.9,0.02535074341545751,0.9626484146779251,4,0,0,0,9,2.5,0.5782185213355431,"{'tvec__max_features': 5000, 'tvec__ngram_range': (1, 3), 'xgboost__colsample_bytree': 0.9, 'xgboost__gamma': 0.02535074341545751, 'xgboost__learning_rate': 0.9626484146779251, 'xgboost__max_depth': 4, 'xgboost__min_child_weight': 0, 'xgboost__min_split_loss': 0, 'xgboost__reg_alpha': 0, 'xgboost__reg_lambda': 9, 'xgboost__scale_pos_weight': 2.5, 'xgboost__subsample': 0.5782185213355431}",0.7426740567233958,0.749011620856191,0.742424631833252,0.7449536810963474,0.7447659976272966,0.002641909925282174,91
6.448498845100403,0.06529978427957255,0.7619147300720215,0.019765899177690508,5000,"(1, 2)",0.9,0.7145959227000623,0.6601973767177313,2,0,0,6,4,2.5,0.8650196582809093,"{'tvec__max_features': 5000, 'tvec__ngram_range': (1, 2), 'xgboost__colsample_bytree': 0.9, 'xgboost__gamma': 0.7145959227000623, 'xgboost__learning_rate': 0.6601973767177313, 'xgboost__max_depth': 2, 'xgboost__min_child_weight': 0, 'xgboost__min_split_loss': 0, 'xgboost__reg_alpha': 6, 'xgboost__reg_lambda': 4, 'xgboost__scale_pos_weight': 2.5, 'xgboost__subsample': 0.8650196582809093}",0.7578728702795726,0.7706356396702311,0.7733374550113608,0.7730465340304965,0.7687231247479153,0.006351567660049145,45
7.849336504936218,0.17835121082812824,0.8246273398399353,0.09019802193033215,7500,"(1, 2)",1,0.7578461104643691,0.014393488629755868,3,3,0,0,3,2,0.7370869145436626,"{'tvec__max_features': 7500, 'tvec__ngram_range': (1, 2), 'xgboost__colsample_bytree': 1, 'xgboost__gamma': 0.7578461104643691, 'xgboost__learning_rate': 0.014393488629755868, 'xgboost__max_depth': 3, 'xgboost__min_child_weight': 3, 'xgboost__min_split_loss': 0, 'xgboost__reg_alpha': 0, 'xgboost__reg_lambda': 3, 'xgboost__scale_pos_weight': 2, 'xgboost__subsample': 0.7370869145436626}",0.6874093312074787,0.7051670839902315,0.683586964074769,0.7010110485720241,0.6942936069611259,0.00901917372942978,99
6.684839069843292,0.01375711593482817,0.7834771275520325,0.01542248490487367,5000,"(1, 2)",0.8,0.4734717707805657,0.17320186991001518,3,4,0.1,9,9,2.5,0.8175468254338218,"{'tvec__max_features': 5000, 'tvec__ngram_range': (1, 2), 'xgboost__colsample_bytree': 0.8, 'xgboost__gamma': 0.4734717707805657, 'xgboost__learning_rate': 0.17320186991001518, 'xgboost__max_depth': 3, 'xgboost__min_child_weight': 4, 'xgboost__min_split_loss': 0.1, 'xgboost__reg_alpha': 9, 'xgboost__reg_lambda': 9, 'xgboost__scale_pos_weight': 2.5, 'xgboost__subsample': 0.8175468254338218}",0.7534553463482453,0.7588180112570356,0.758380784984527,0.766255760116435,0.7592274756765607,0.004571619116609894,76
7.803465306758881,0.12493846949476325,1.021053433418274,0.0325679106795862,5000,"(1, 3)",0.9,0.6258599157142364,0.5031362585800877,2,4,0,3,7,3,0.9721257985625837,"{'tvec__max_features': 5000, 'tvec__ngram_range': (1, 3), 'xgboost__colsample_bytree': 0.9, 'xgboost__gamma': 0.6258599157142364, 'xgboost__learning_rate': 0.5031362585800877, 'xgboost__max_depth': 2, 'xgboost__min_child_weight': 4, 'xgboost__min_split_loss': 0, 'xgboost__reg_alpha': 3, 'xgboost__reg_lambda': 7, 'xgboost__scale_pos_weight': 3, 'xgboost__subsample': 0.9721257985625837}",0.7612676716420609,0.7731773898610587,0.772329880833055,0.7750319358655475,0.7704517195504305,0.005391703949640642,39
9.215316474437714,0.11917709401976301,0.7961686849594116,0.018692014927842712,7500,"(1, 2)",1,0.6432882184423532,0.45825289049151663,4,2,0,2,0,2,0.8257423859288939,"{'tvec__max_features': 7500, 'tvec__ngram_range': (1, 2), 'xgboost__colsample_bytree': 1, 'xgboost__gamma': 0.6432882184423532, 'xgboost__learning_rate': 0.45825289049151663, 'xgboost__max_depth': 4, 'xgboost__min_child_weight': 2, 'xgboost__min_split_loss': 0, 'xgboost__reg_alpha': 2, 'xgboost__reg_lambda': 0, 'xgboost__scale_pos_weight': 2, 'xgboost__subsample': 0.8257423859288939}",0.7746862960885322,0.7802479924477513,0.780929600216269,0.7765447249660414,0.7781021534296485,0.0025832511113369583,12
5.099841833114624,0.1339340862263248,0.49678725004196167,0.014396200775538867,7500,"(1, 1)",0.8,0.21458911970837413,0.37725908322797586,2,2,0.05,2,6,2,0.8278613176903711,"{'tvec__max_features': 7500, 'tvec__ngram_range': (1, 1), 'xgboost__colsample_bytree': 0.8, 'xgboost__gamma': 0.21458911970837413, 'xgboost__learning_rate': 0.37725908322797586, 'xgboost__max_depth': 2, 'xgboost__min_child_weight': 2, 'xgboost__min_split_loss': 0.05, 'xgboost__reg_alpha': 2, 'xgboost__reg_lambda': 6, 'xgboost__scale_pos_weight': 2, 'xgboost__subsample': 0.8278613176903711}",0.7595695572674679,0.7613506064864685,0.7660030336692549,0.7641021119554363,0.7627563273446569,0.002474055013172143,72
5.456232190132141,0.11149113273121934,0.7534927725791931,0.06518198840586203,2500,"(1, 2)",0.9,0.023271935735825866,0.8144684825889358,2,3,0.05,4,1,2,0.9683240759278536,"{'tvec__max_features': 2500, 'tvec__ngram_range': (1, 2), 'xgboost__colsample_bytree': 0.9, 'xgboost__gamma': 0.023271935735825866, 'xgboost__learning_rate': 0.8144684825889358, 'xgboost__max_depth': 2, 'xgboost__min_child_weight': 3, 'xgboost__min_split_loss': 0.05, 'xgboost__reg_alpha': 4, 'xgboost__reg_lambda': 1, 'xgboost__scale_pos_weight': 2, 'xgboost__subsample': 0.9683240759278536}",0.7662628113903555,0.7703706213721978,0.7748987904350417,0.7604025965619684,0.7679837049398909,0.005337378951945924,50
3.649197995662689,0.08860890998868791,0.4757307767868042,0.016333159457787502,2500,"(1, 1)",0.8,0.2820345725713065,0.17743954377972282,2,2,0,2,3,2.5,0.6250082246080524,"{'tvec__max_features': 2500, 'tvec__ngram_range': (1, 1), 'xgboost__colsample_bytree': 0.8, 'xgboost__gamma': 0.2820345725713065, 'xgboost__learning_rate': 0.17743954377972282, 'xgboost__max_depth': 2, 'xgboost__min_child_weight': 2, 'xgboost__min_split_loss': 0, 'xgboost__reg_alpha': 2, 'xgboost__reg_lambda': 3, 'xgboost__scale_pos_weight': 2.5, 'xgboost__subsample': 0.6250082246080524}",0.7493564864971597,0.7596622889305817,0.7502628402645108,0.7611736264008233,0.7551138105232689,0.005340615991733099,84
9.068629384040833,0.06433871259498516,0.7733393907546997,0.03142664633193651,7500,"(1, 2)",0.8,0.23859685979034018,0.6798447799002458,4,0,0.1,8,0,2,0.7526261862239285,"{'tvec__max_features': 7500, 'tvec__ngram_range': (1, 2), 'xgboost__colsample_bytree': 0.8, 'xgboost__gamma': 0.23859685979034018, 'xgboost__learning_rate': 0.6798447799002458, 'xgboost__max_depth': 4, 'xgboost__min_child_weight': 0, 'xgboost__min_split_loss': 0.1, 'xgboost__reg_alpha': 8, 'xgboost__reg_lambda': 0, 'xgboost__scale_pos_weight': 2, 'xgboost__subsample': 0.7526261862239285}",0.7719127647861799,0.7726210773368337,0.7693871169480924,0.7725119295450067,0.7716082221540281,0.001310402344747434,36
7.58487856388092,0.03893487380255302,0.7804825305938721,0.05786369454393888,2500,"(1, 2)",0.8,0.8955232284962005,0.3892016787341631,5,4,0,2,8,3,0.9784004425632282,"{'tvec__max_features': 2500, 'tvec__ngram_range': (1, 2), 'xgboost__colsample_bytree': 0.8, 'xgboost__gamma': 0.8955232284962005, 'xgboost__learning_rate': 0.3892016787341631, 'xgboost__max_depth': 5, 'xgboost__min_child_weight': 4, 'xgboost__min_split_loss': 0, 'xgboost__reg_alpha': 2, 'xgboost__reg_lambda': 8, 'xgboost__scale_pos_weight': 3, 'xgboost__subsample': 0.9784004425632282}",0.7846140084682095,0.7798754925250334,0.780816920392597,0.7836844850710537,0.7822477266142234,0.001958204898212725,3
10.450192272663116,0.06027896418284022,1.028481900691986,0.010442924758195232,7500,"(1, 3)",0.9,0.6318372121697993,0.44844552197831977,4,3,0,3,10,2,0.87618726471884,"{'tvec__max_features': 7500, 'tvec__ngram_range': (1, 3), 'xgboost__colsample_bytree': 0.9, 'xgboost__gamma': 0.6318372121697993, 'xgboost__learning_rate': 0.44844552197831977, 'xgboost__max_depth': 4, 'xgboost__min_child_weight': 3, 'xgboost__min_split_loss': 0, 'xgboost__reg_alpha': 3, 'xgboost__reg_lambda': 10, 'xgboost__scale_pos_weight': 2, 'xgboost__subsample': 0.87618726471884}",0.7711199704245476,0.7836806273883153,0.7808873601556527,0.7819522856275279,0.7794100608990109,0.004888983991544542,9
7.1964938044548035,0.13222369385007576,0.5178185105323792,0.01479675136761229,7500,"(1, 1)",1,0.09120610304869037,0.49442030470258147,4,1,0,2,6,2,0.6754575062760393,"{'tvec__max_features': 7500, 'tvec__ngram_range': (1, 1), 'xgboost__colsample_bytree': 1, 'xgboost__gamma': 0.09120610304869037, 'xgboost__learning_rate': 0.49442030470258147, 'xgboost__max_depth': 4, 'xgboost__min_child_weight': 1, 'xgboost__min_split_loss': 0, 'xgboost__reg_alpha': 2, 'xgboost__reg_lambda': 6, 'xgboost__scale_pos_weight': 2, 'xgboost__subsample': 0.6754575062760393}",0.7746090982579696,0.7678260176869097,0.7734650080958133,0.7761324381772093,0.7730081405544754,0.0031379701467936943,31
7.218430578708649,0.056362167550264526,0.9956253170967102,0.01774630198652078,5000,"(1, 3)",0.8,0.7615106317174722,0.6182180633162611,2,4,0.05,8,1,3,0.8531211135782482,"{'tvec__max_features': 5000, 'tvec__ngram_range': (1, 3), 'xgboost__colsample_bytree': 0.8, 'xgboost__gamma': 0.7615106317174722, 'xgboost__learning_rate': 0.6182180633162611, 'xgboost__max_depth': 2, 'xgboost__min_child_weight': 4, 'xgboost__min_split_loss': 0.05, 'xgboost__reg_alpha': 8, 'xgboost__reg_lambda': 1, 'xgboost__scale_pos_weight': 3, 'xgboost__subsample': 0.8531211135782482}",0.7590363093870183,0.7704417209425092,0.772517402904974,0.7719812516003628,0.7684941712087161,0.0055133978439685346,47
3.7325360774993896,0.15379198045777132,0.4481518864631653,0.02628399265592263,2500,"(1, 1)",0.8,0.2332280724245278,0.5813054172267823,2,0,0.05,3,0,3,0.9538468531742732,"{'tvec__max_features': 2500, 'tvec__ngram_range': (1, 1), 'xgboost__colsample_bytree': 0.8, 'xgboost__gamma': 0.2332280724245278, 'xgboost__learning_rate': 0.5813054172267823, 'xgboost__max_depth': 2, 'xgboost__min_child_weight': 0, 'xgboost__min_split_loss': 0.05, 'xgboost__reg_alpha': 3, 'xgboost__reg_lambda': 0, 'xgboost__scale_pos_weight': 3, 'xgboost__subsample': 0.9538468531742732}",0.7648983486563294,0.7681709338298414,0.771348840551981,0.7634607769505866,0.7669697249971845,0.003050527497052418,55
6.48389458656311,0.29127304416881433,0.6640390157699585,0.06928159363760157,2500,"(1, 2)",1,0.48166698796411533,0.37798759012225447,4,2,0.05,9,2,3,0.7172259222441357,"{'tvec__max_features': 2500, 'tvec__ngram_range': (1, 2), 'xgboost__colsample_bytree': 1, 'xgboost__gamma': 0.48166698796411533, 'xgboost__learning_rate': 0.37798759012225447, 'xgboost__max_depth': 4, 'xgboost__min_child_weight': 2, 'xgboost__min_split_loss': 0.05, 'xgboost__reg_alpha': 9, 'xgboost__reg_lambda': 2, 'xgboost__scale_pos_weight': 3, 'xgboost__subsample': 0.7172259222441357}",0.7703807030640759,0.7671953954111054,0.7799611724603372,0.7779152067073885,0.7738631194107268,0.005248605276694441,28
6.725805044174194,0.3451362296835303,0.5675987601280212,0.06631876367511957,2500,"(1, 1)",0.9,0.46866064199412627,0.05630327568183735,5,4,0.1,8,6,2,0.8405197135484546,"{'tvec__max_features': 2500, 'tvec__ngram_range': (1, 1), 'xgboost__colsample_bytree': 0.9, 'xgboost__gamma': 0.46866064199412627, 'xgboost__learning_rate': 0.05630327568183735, 'xgboost__max_depth': 5, 'xgboost__min_child_weight': 4, 'xgboost__min_split_loss': 0.1, 'xgboost__reg_alpha': 8, 'xgboost__reg_lambda': 6, 'xgboost__scale_pos_weight': 2, 'xgboost__subsample': 0.8405197135484546}",0.7525883278783373,0.7563718531306401,0.7446158795975034,0.7557853414853081,0.7523403505229472,0.004686414403715162,86
4.919223070144653,0.20051119912184506,0.629819393157959,0.04419994631231454,5000,"(1, 1)",1,0.47771489088022767,0.08289132169335423,2,4,0.05,9,4,2.5,0.9623216651117981,"{'tvec__max_features': 5000, 'tvec__ngram_range': (1, 1), 'xgboost__colsample_bytree': 1, 'xgboost__gamma': 0.47771489088022767, 'xgboost__learning_rate': 0.08289132169335423, 'xgboost__max_depth': 2, 'xgboost__min_child_weight': 4, 'xgboost__min_split_loss': 0.05, 'xgboost__reg_alpha': 9, 'xgboost__reg_lambda': 4, 'xgboost__scale_pos_weight': 2.5, 'xgboost__subsample': 0.9623216651117981}",0.7178465683006915,0.7286751225219184,0.7173774657486651,0.7263380699314546,0.7225593066256824,0.0050185564057871205,98
7.910907447338104,0.28894781727792224,1.1127768754959106,0.03415223366030854,2500,"(1, 3)",1,0.969302535619099,0.5230978441701488,2,0,0.05,0,4,2.5,0.7921571559615501,"{'tvec__max_features': 2500, 'tvec__ngram_range': (1, 3), 'xgboost__colsample_bytree': 1, 'xgboost__gamma': 0.969302535619099, 'xgboost__learning_rate': 0.5230978441701488, 'xgboost__max_depth': 2, 'xgboost__min_child_weight': 0, 'xgboost__min_split_loss': 0.05, 'xgboost__reg_alpha': 0, 'xgboost__reg_lambda': 4, 'xgboost__scale_pos_weight': 2.5, 'xgboost__subsample': 0.7921571559615501}",0.7636948237724593,0.7662052328332584,0.7702886745235559,0.765695692608489,0.7664711059344407,0.0023954919592606887,60
8.059506893157959,0.1489552142772867,0.588558554649353,0.028701419741496044,7500,"(1, 1)",1,0.2809631895922303,0.9504114840765587,5,3,0,7,9,2.5,0.6941341919949361,"{'tvec__max_features': 7500, 'tvec__ngram_range': (1, 1), 'xgboost__colsample_bytree': 1, 'xgboost__gamma': 0.2809631895922303, 'xgboost__learning_rate': 0.9504114840765587, 'xgboost__max_depth': 5, 'xgboost__min_child_weight': 3, 'xgboost__min_split_loss': 0, 'xgboost__reg_alpha': 7, 'xgboost__reg_lambda': 9, 'xgboost__scale_pos_weight': 2.5, 'xgboost__subsample': 0.6941341919949361}",0.7636349924800512,0.7555218684681728,0.7564519015404414,0.769880433261656,0.7613722989375803,0.005829793713477289,74
7.00199168920517,0.17048046298130765,0.5531729459762573,0.016422723075630186,5000,"(1, 1)",0.8,0.2599498628542627,0.45324084682883103,4,0,0,0,4,2,0.8423655862769397,"{'tvec__max_features': 5000, 'tvec__ngram_range': (1, 1), 'xgboost__colsample_bytree': 0.8, 'xgboost__gamma': 0.2599498628542627, 'xgboost__learning_rate': 0.45324084682883103, 'xgboost__max_depth': 4, 'xgboost__min_child_weight': 0, 'xgboost__min_split_loss': 0, 'xgboost__reg_alpha': 0, 'xgboost__reg_lambda': 4, 'xgboost__scale_pos_weight': 2, 'xgboost__subsample': 0.8423655862769397}",0.7834969594284363,0.7735503653661865,0.7832876664734333,0.7834408015664281,0.780943948208621,0.0042693742378612275,4
5.8783204555511475,0.16206077925213777,0.549518883228302,0.0377486900389543,2500,"(1, 1)",0.9,0.07620037959916315,0.9405318271353834,4,4,0.1,8,1,2.5,0.9663642416770066,"{'tvec__max_features': 2500, 'tvec__ngram_range': (1, 1), 'xgboost__colsample_bytree': 0.9, 'xgboost__gamma': 0.07620037959916315, 'xgboost__learning_rate': 0.9405318271353834, 'xgboost__max_depth': 4, 'xgboost__min_child_weight': 4, 'xgboost__min_split_loss': 0.1, 'xgboost__reg_alpha': 8, 'xgboost__reg_lambda': 1, 'xgboost__scale_pos_weight': 2.5, 'xgboost__subsample': 0.9663642416770066}",0.7790461298074979,0.7641767549585411,0.7797049954166559,0.7753059608221653,0.774558460251215,0.006224238189188555,24
9.532784879207611,0.1629087449925379,1.1075756549835205,0.04607874725495002,5000,"(1, 3)",0.8,0.16483426113700095,0.41125511658536906,3,0,0.05,0,10,2,0.874789149988036,"{'tvec__max_features': 5000, 'tvec__ngram_range': (1, 3), 'xgboost__colsample_bytree': 0.8, 'xgboost__gamma': 0.16483426113700095, 'xgboost__learning_rate': 0.41125511658536906, 'xgboost__max_depth': 3, 'xgboost__min_child_weight': 0, 'xgboost__min_split_loss': 0.05, 'xgboost__reg_alpha': 0, 'xgboost__reg_lambda': 10, 'xgboost__scale_pos_weight': 2, 'xgboost__subsample': 0.874789149988036}",0.7749510763209392,0.7755541129555782,0.7816877795578097,0.776253209054746,0.7771115444722683,0.0026819714208581695,15
7.302228927612305,0.0739245850277771,0.8376547694206238,0.03289216776446265,2500,"(1, 2)",1,0.8421189231357087,0.8383287047111379,3,0,0.1,0,4,3,0.9323611881275267,"{'tvec__max_features': 2500, 'tvec__ngram_range': (1, 2), 'xgboost__colsample_bytree': 1, 'xgboost__gamma': 0.8421189231357087, 'xgboost__learning_rate': 0.8383287047111379, 'xgboost__max_depth': 3, 'xgboost__min_child_weight': 0, 'xgboost__min_split_loss': 0.1, 'xgboost__reg_alpha': 0, 'xgboost__reg_lambda': 4, 'xgboost__scale_pos_weight': 3, 'xgboost__subsample': 0.9323611881275267}",0.7686296564327798,0.7667605941926632,0.7703936202516223,0.7601902063980246,0.7664935193187725,0.003859305372129369,59
5.608405232429504,0.1385788549703696,0.5425518155097961,0.01403688565168425,2500,"(1, 1)",1,0.7499107494699718,0.9131657522576428,4,4,0,4,9,2.5,0.6889252746378932,"{'tvec__max_features': 2500, 'tvec__ngram_range': (1, 1), 'xgboost__colsample_bytree': 1, 'xgboost__gamma': 0.7499107494699718, 'xgboost__learning_rate': 0.9131657522576428, 'xgboost__max_depth': 4, 'xgboost__min_child_weight': 4, 'xgboost__min_split_loss': 0, 'xgboost__reg_alpha': 4, 'xgboost__reg_lambda': 9, 'xgboost__scale_pos_weight': 2.5, 'xgboost__subsample': 0.6889252746378932}",0.7662369994809071,0.7626655918504199,0.77222172248066,0.7628220596396339,0.7659865933629052,0.003872430214692623,66
5.246211290359497,0.0969941037297271,0.8171373009681702,0.03682826146994159,2500,"(1, 2)",0.8,0.12915941515149498,0.9540510272587224,2,3,0.05,0,0,2.5,0.6790813590164202,"{'tvec__max_features': 2500, 'tvec__ngram_range': (1, 2), 'xgboost__colsample_bytree': 0.8, 'xgboost__gamma': 0.12915941515149498, 'xgboost__learning_rate': 0.9540510272587224, 'xgboost__max_depth': 2, 'xgboost__min_child_weight': 3, 'xgboost__min_split_loss': 0.05, 'xgboost__reg_alpha': 0, 'xgboost__reg_lambda': 0, 'xgboost__scale_pos_weight': 2.5, 'xgboost__subsample': 0.6790813590164202}",0.7422514313120109,0.7410833053928667,0.7551162827223635,0.7365805112213398,0.7437578826621453,0.0068911296600579035,92
10.415991365909576,0.19520631148271445,0.9227028489112854,0.030868035461597314,7500,"(1, 2)",0.9,0.5203077009037933,0.7723183917356393,4,1,0,5,4,2.5,0.9383268013291726,"{'tvec__max_features': 7500, 'tvec__ngram_range': (1, 2), 'xgboost__colsample_bytree': 0.9, 'xgboost__gamma': 0.5203077009037933, 'xgboost__learning_rate': 0.7723183917356393, 'xgboost__max_depth': 4, 'xgboost__min_child_weight': 1, 'xgboost__min_split_loss': 0, 'xgboost__reg_alpha': 5, 'xgboost__reg_lambda': 4, 'xgboost__scale_pos_weight': 2.5, 'xgboost__subsample': 0.9383268013291726}",0.7680790420141758,0.7693255290259834,0.7748224013676737,0.7813818663300789,0.7734022096844779,0.005259451108152722,29
4.4380868673324585,0.12559303134630287,0.5097570419311523,0.012333200965218475,2500,"(1, 1)",1,0.028782676313338973,0.755137255673619,2,1,0.1,2,6,2.5,0.8086318560486461,"{'tvec__max_features': 2500, 'tvec__ngram_range': (1, 1), 'xgboost__colsample_bytree': 1, 'xgboost__gamma': 0.028782676313338973, 'xgboost__learning_rate': 0.755137255673619, 'xgboost__max_depth': 2, 'xgboost__min_child_weight': 1, 'xgboost__min_split_loss': 0.1, 'xgboost__reg_alpha': 2, 'xgboost__reg_lambda': 6, 'xgboost__scale_pos_weight': 2.5, 'xgboost__subsample': 0.8086318560486461}",0.7699283404298242,0.7630849366405332,0.7714769885668649,0.7655586206371372,0.7675122215685898,0.0033531483763693205,53
8.447224617004395,0.10710458789482587,0.8484565019607544,0.022557024135253692,5000,"(1, 2)",0.9,0.5899176868546331,0.3922440450997323,4,2,0.1,1,3,2,0.7569947445799055,"{'tvec__max_features': 5000, 'tvec__ngram_range': (1, 2), 'xgboost__colsample_bytree': 0.9, 'xgboost__gamma': 0.5899176868546331, 'xgboost__learning_rate': 0.3922440450997323, 'xgboost__max_depth': 4, 'xgboost__min_child_weight': 2, 'xgboost__min_split_loss': 0.1, 'xgboost__reg_alpha': 1, 'xgboost__reg_lambda': 3, 'xgboost__scale_pos_weight': 2, 'xgboost__subsample': 0.7569947445799055}",0.7768731714581659,0.7738212095487436,0.7752244553530888,0.7772256823376102,0.7757861296744022,0.0013629344126955276,18
7.219674527645111,0.2101778560494703,0.8634162545204163,0.06225675986596834,7500,"(1, 2)",1,0.5236022760150112,0.6976418714934634,2,3,0.05,7,0,2.5,0.8844588706576988,"{'tvec__max_features': 7500, 'tvec__ngram_range': (1, 2), 'xgboost__colsample_bytree': 1, 'xgboost__gamma': 0.5236022760150112, 'xgboost__learning_rate': 0.6976418714934634, 'xgboost__max_depth': 2, 'xgboost__min_child_weight': 3, 'xgboost__min_split_loss': 0.05, 'xgboost__reg_alpha': 7, 'xgboost__reg_lambda': 0, 'xgboost__scale_pos_weight': 2.5, 'xgboost__subsample': 0.8844588706576988}",0.7620815199574829,0.7723628360881445,0.773666094581564,0.7774364066963465,0.7713867143308845,0.005686251138836969,37
7.018551588058472,0.05466330169695773,0.8465768098831177,0.017506563653136985,2500,"(1, 2)",0.9,0.4926180939928696,0.3287516102875082,4,2,0.1,2,8,3,0.5640229194788862,"{'tvec__max_features': 2500, 'tvec__ngram_range': (1, 2), 'xgboost__colsample_bytree': 0.9, 'xgboost__gamma': 0.4926180939928696, 'xgboost__learning_rate': 0.3287516102875082, 'xgboost__max_depth': 4, 'xgboost__min_child_weight': 2, 'xgboost__min_split_loss': 0.1, 'xgboost__reg_alpha': 2, 'xgboost__reg_lambda': 8, 'xgboost__scale_pos_weight': 3, 'xgboost__subsample': 0.5640229194788862}",0.7715761394233263,0.7666640509634112,0.7806094086581892,0.780208306561464,0.7747644764015977,0.005907218145206888,22
15.097590565681458,0.07240716060396327,1.2089336514472961,0.069306738336768,7500,"(1, 3)",0.9,0.6976675736969318,0.18006727234929853,5,0,0.1,2,10,2,0.9865551746350522,"{'tvec__max_features': 7500, 'tvec__ngram_range': (1, 3), 'xgboost__colsample_bytree': 0.9, 'xgboost__gamma': 0.6976675736969318, 'xgboost__learning_rate': 0.18006727234929853, 'xgboost__max_depth': 5, 'xgboost__min_child_weight': 0, 'xgboost__min_split_loss': 0.1, 'xgboost__reg_alpha': 2, 'xgboost__reg_lambda': 10, 'xgboost__scale_pos_weight': 2, 'xgboost__subsample': 0.9865551746350522}",0.7724523169578773,0.781913482047953,0.7813022646383823,0.786885210790991,0.780638318608801,0.005198585170303052,5
8.33810842037201,0.15596347681873393,0.8681682348251343,0.07048423640138071,2500,"(1, 2)",1,0.04086861626647886,0.16893506307216455,5,1,0,5,4,2.5,0.5603179355503004,"{'tvec__max_features': 2500, 'tvec__ngram_range': (1, 2), 'xgboost__colsample_bytree': 1, 'xgboost__gamma': 0.04086861626647886, 'xgboost__learning_rate': 0.16893506307216455, 'xgboost__max_depth': 5, 'xgboost__min_child_weight': 1, 'xgboost__min_split_loss': 0, 'xgboost__reg_alpha': 5, 'xgboost__reg_lambda': 4, 'xgboost__scale_pos_weight': 2.5, 'xgboost__subsample': 0.5603179355503004}",0.7691343565792774,0.7730754963296927,0.7795444831863141,0.7808089483248186,0.7756408211050257,0.004766106598488201,19
5.70073276758194,0.10468260612246963,0.8126274347305298,0.016316302962521616,2500,"(1, 2)",0.9,0.36426986104807546,0.5034172708548569,2,2,0,9,8,3,0.8139501947454539,"{'tvec__max_features': 2500, 'tvec__ngram_range': (1, 2), 'xgboost__colsample_bytree': 0.9, 'xgboost__gamma': 0.36426986104807546, 'xgboost__learning_rate': 0.5034172708548569, 'xgboost__max_depth': 2, 'xgboost__min_child_weight': 2, 'xgboost__min_split_loss': 0, 'xgboost__reg_alpha': 9, 'xgboost__reg_lambda': 8, 'xgboost__scale_pos_weight': 3, 'xgboost__subsample': 0.8139501947454539}",0.7614043439183573,0.7624210235960212,0.7673319892665033,0.7729080342261098,0.7660163477517479,0.004566814814512728,65
8.109974801540375,0.21964338337374573,0.8473144769668579,0.016414790535890848,7500,"(1, 2)",1,0.9208724005318132,0.06107795985486375,3,3,0,7,0,3,0.5922605096781887,"{'tvec__max_features': 7500, 'tvec__ngram_range': (1, 2), 'xgboost__colsample_bytree': 1, 'xgboost__gamma': 0.9208724005318132, 'xgboost__learning_rate': 0.06107795985486375, 'xgboost__max_depth': 3, 'xgboost__min_child_weight': 3, 'xgboost__min_split_loss': 0, 'xgboost__reg_alpha': 7, 'xgboost__reg_lambda': 0, 'xgboost__scale_pos_weight': 3, 'xgboost__subsample': 0.5922605096781887}",0.7330105298316683,0.7403379488606235,0.7388201863226923,0.7456898480119329,0.7394646282567292,0.004516268973513554,95
14.057637393474579,0.12663823930458074,1.1489211916923523,0.06811266162444582,7500,"(1, 3)",1,0.9240417591074331,0.23611653311740433,5,1,0,9,10,3,0.8566747929422762,"{'tvec__max_features': 7500, 'tvec__ngram_range': (1, 3), 'xgboost__colsample_bytree': 1, 'xgboost__gamma': 0.9240417591074331, 'xgboost__learning_rate': 0.23611653311740433, 'xgboost__max_depth': 5, 'xgboost__min_child_weight': 1, 'xgboost__min_split_loss': 0, 'xgboost__reg_alpha': 9, 'xgboost__reg_lambda': 10, 'xgboost__scale_pos_weight': 3, 'xgboost__subsample': 0.8566747929422762}",0.7721871798787958,0.7828636957033507,0.7811661445557203,0.7836907913336246,0.7799769528678728,0.004588589664583219,7
10.035757422447205,0.3806234210540222,1.1390252113342285,0.05642415064860826,7500,"(1, 3)",0.9,0.7496162320085874,0.03047215273359416,3,1,0.05,2,2,3,0.5524345832662405,"{'tvec__max_features': 7500, 'tvec__ngram_range': (1, 3), 'xgboost__colsample_bytree': 0.9, 'xgboost__gamma': 0.7496162320085874, 'xgboost__learning_rate': 0.03047215273359416, 'xgboost__max_depth': 3, 'xgboost__min_child_weight': 1, 'xgboost__min_split_loss': 0.05, 'xgboost__reg_alpha': 2, 'xgboost__reg_lambda': 2, 'xgboost__scale_pos_weight': 3, 'xgboost__subsample': 0.5524345832662405}",0.710474591803089,0.7314302903192822,0.7250990678154058,0.7308083771916046,0.7244530817823455,0.00843929349474728,97
6.517974257469177,0.22837061896226873,0.5561345815658569,0.01599629540860082,7500,"(1, 1)",0.9,0.5639650920188364,0.8407099858779311,3,1,0.05,8,0,2,0.7967962267770243,"{'tvec__max_features': 7500, 'tvec__ngram_range': (1, 1), 'xgboost__colsample_bytree': 0.9, 'xgboost__gamma': 0.5639650920188364, 'xgboost__learning_rate': 0.8407099858779311, 'xgboost__max_depth': 3, 'xgboost__min_child_weight': 1, 'xgboost__min_split_loss': 0.05, 'xgboost__reg_alpha': 8, 'xgboost__reg_lambda': 0, 'xgboost__scale_pos_weight': 2, 'xgboost__subsample': 0.7967962267770243}",0.7627394262761906,0.7665952104095478,0.7707918666822776,0.7624863998903424,0.7656532258145896,0.003384227353794005,67
10.176511108875275,0.186878279151742,1.1110144257545471,0.011403117332727383,5000,"(1, 3)",0.8,0.4984421989290573,0.08692028808742369,4,1,0.1,7,7,2,0.7822292712613206,"{'tvec__max_features': 5000, 'tvec__ngram_range': (1, 3), 'xgboost__colsample_bytree': 0.8, 'xgboost__gamma': 0.4984421989290573, 'xgboost__learning_rate': 0.08692028808742369, 'xgboost__max_depth': 4, 'xgboost__min_child_weight': 1, 'xgboost__min_split_loss': 0.1, 'xgboost__reg_alpha': 7, 'xgboost__reg_lambda': 7, 'xgboost__scale_pos_weight': 2, 'xgboost__subsample': 0.7822292712613206}",0.7547935213772567,0.75577107365107,0.7573373959942621,0.7579488654914648,0.7564627141285134,0.0012488279736174392,82
5.100090861320496,0.07835800128016383,0.578324019908905,0.044880307984417646,5000,"(1, 1)",0.8,0.3630822963986351,0.6459172413316012,3,2,0.1,5,4,2,0.6186133958679972,"{'tvec__max_features': 5000, 'tvec__ngram_range': (1, 1), 'xgboost__colsample_bytree': 0.8, 'xgboost__gamma': 0.3630822963986351, 'xgboost__learning_rate': 0.6459172413316012, 'xgboost__max_depth': 3, 'xgboost__min_child_weight': 2, 'xgboost__min_split_loss': 0.1, 'xgboost__reg_alpha': 5, 'xgboost__reg_lambda': 4, 'xgboost__scale_pos_weight': 2, 'xgboost__subsample': 0.6186133958679972}",0.7555784651120523,0.7637098519274166,0.7692476652550158,0.7673731584523431,0.7639772851867068,0.005242150333958525,70
5.349268913269043,0.08133260439354034,0.544161856174469,0.011459390176844395,5000,"(1, 1)",0.9,0.36535681967405764,0.4878098008087379,3,2,0.05,7,6,2,0.5401168728308211,"{'tvec__max_features': 5000, 'tvec__ngram_range': (1, 1), 'xgboost__colsample_bytree': 0.9, 'xgboost__gamma': 0.36535681967405764, 'xgboost__learning_rate': 0.4878098008087379, 'xgboost__max_depth': 3, 'xgboost__min_child_weight': 2, 'xgboost__min_split_loss': 0.05, 'xgboost__reg_alpha': 7, 'xgboost__reg_lambda': 6, 'xgboost__scale_pos_weight': 2, 'xgboost__subsample': 0.5401168728308211}",0.7627598854855232,0.7619625621526763,0.7662692055441805,0.7760928158104904,0.7667711172482177,0.005620457316923426,56
9.29139518737793,0.20863525720002254,1.2009336352348328,0.05668355403634096,7500,"(1, 3)",0.8,0.9823786169086064,0.11203890216805235,3,3,0.1,3,5,2.5,0.6289514135224699,"{'tvec__max_features': 7500, 'tvec__ngram_range': (1, 3), 'xgboost__colsample_bytree': 0.8, 'xgboost__gamma': 0.9823786169086064, 'xgboost__learning_rate': 0.11203890216805235, 'xgboost__max_depth': 3, 'xgboost__min_child_weight': 3, 'xgboost__min_split_loss': 0.1, 'xgboost__reg_alpha': 3, 'xgboost__reg_lambda': 5, 'xgboost__scale_pos_weight': 2.5, 'xgboost__subsample': 0.6289514135224699}",0.7526519655352725,0.7604227452043459,0.7552510939580769,0.7616461201492942,0.7574929812117474,0.0036842085759678724,81
11.31069964170456,0.2140671965702154,1.1341681480407715,0.055329853612165664,5000,"(1, 3)",0.9,0.9293759891275858,0.5567628930139298,5,1,0.1,4,5,2.5,0.6618396182021218,"{'tvec__max_features': 5000, 'tvec__ngram_range': (1, 3), 'xgboost__colsample_bytree': 0.9, 'xgboost__gamma': 0.9293759891275858, 'xgboost__learning_rate': 0.5567628930139298, 'xgboost__max_depth': 5, 'xgboost__min_child_weight': 1, 'xgboost__min_split_loss': 0.1, 'xgboost__reg_alpha': 4, 'xgboost__reg_lambda': 5, 'xgboost__scale_pos_weight': 2.5, 'xgboost__subsample': 0.6618396182021218}",0.7721802808430906,0.7688333012315206,0.7751111805989854,0.7760234469222107,0.7730370523989518,0.0028118562114436687,30
5.616087257862091,0.08414326823640744,0.5923430919647217,0.054466184850374,7500,"(1, 1)",0.8,0.5298400231811167,0.7072300956444445,3,4,0.05,10,3,2,0.7662947162757929,"{'tvec__max_features': 7500, 'tvec__ngram_range': (1, 1), 'xgboost__colsample_bytree': 0.8, 'xgboost__gamma': 0.5298400231811167, 'xgboost__learning_rate': 0.7072300956444445, 'xgboost__max_depth': 3, 'xgboost__min_child_weight': 4, 'xgboost__min_split_loss': 0.05, 'xgboost__reg_alpha': 10, 'xgboost__reg_lambda': 3, 'xgboost__scale_pos_weight': 2, 'xgboost__subsample': 0.7662947162757929}",0.7666032431177361,0.7666591762437074,0.7733525662443137,0.771646424753675,0.769565352589858,0.002995571819171974,41
6.238119661808014,0.29265501831571544,0.8363757729530334,0.05591001680190946,2500,"(1, 2)",0.9,0.45426797221909965,0.5486031179381532,3,3,0.05,7,1,2,0.5694123867210101,"{'tvec__max_features': 2500, 'tvec__ngram_range': (1, 2), 'xgboost__colsample_bytree': 0.9, 'xgboost__gamma': 0.45426797221909965, 'xgboost__learning_rate': 0.5486031179381532, 'xgboost__max_depth': 3, 'xgboost__min_child_weight': 3, 'xgboost__min_split_loss': 0.05, 'xgboost__reg_alpha': 7, 'xgboost__reg_lambda': 1, 'xgboost__scale_pos_weight': 2, 'xgboost__subsample': 0.5694123867210101}",0.7647805892537765,0.7643994464220745,0.7665804731457921,0.7712185507875451,0.766744764902297,0.002711100177059808,57
5.769475936889648,0.17926911847536778,0.5663779377937317,0.0454537940462197,2500,"(1, 1)",0.8,0.5956387406078443,0.47157618855015837,4,2,0.05,0,4,2.5,0.8729872627743591,"{'tvec__max_features': 2500, 'tvec__ngram_range': (1, 1), 'xgboost__colsample_bytree': 0.8, 'xgboost__gamma': 0.5956387406078443, 'xgboost__learning_rate': 0.47157618855015837, 'xgboost__max_depth': 4, 'xgboost__min_child_weight': 2, 'xgboost__min_split_loss': 0.05, 'xgboost__reg_alpha': 0, 'xgboost__reg_lambda': 4, 'xgboost__scale_pos_weight': 2.5, 'xgboost__subsample': 0.8729872627743591}",0.7788125141846554,0.7810025039413893,0.7803136092477889,0.7744237979787596,0.7786381063381483,0.0025587349936717994,10
8.584319770336151,0.2761965234074053,0.8682543039321899,0.07787871788032975,5000,"(1, 2)",0.8,0.7308674752036443,0.9383404568210378,5,2,0.1,0,7,2.5,0.5240473219820438,"{'tvec__max_features': 5000, 'tvec__ngram_range': (1, 2), 'xgboost__colsample_bytree': 0.8, 'xgboost__gamma': 0.7308674752036443, 'xgboost__learning_rate': 0.9383404568210378, 'xgboost__max_depth': 5, 'xgboost__min_child_weight': 2, 'xgboost__min_split_loss': 0.1, 'xgboost__reg_alpha': 0, 'xgboost__reg_lambda': 7, 'xgboost__scale_pos_weight': 2.5, 'xgboost__subsample': 0.5240473219820438}",0.7478653431937206,0.7408320789847268,0.74066792125596,0.7410743777265661,0.7426099302902435,0.003037657025390425,93
8.59285032749176,0.09918368722900452,1.0734132528305054,0.0409515156829075,2500,"(1, 3)",0.8,0.7505019247653135,0.7995371309195156,4,4,0,4,2,3,0.8168792818600886,"{'tvec__max_features': 2500, 'tvec__ngram_range': (1, 3), 'xgboost__colsample_bytree': 0.8, 'xgboost__gamma': 0.7505019247653135, 'xgboost__learning_rate': 0.7995371309195156, 'xgboost__max_depth': 4, 'xgboost__min_child_weight': 4, 'xgboost__min_split_loss': 0, 'xgboost__reg_alpha': 4, 'xgboost__reg_lambda': 2, 'xgboost__scale_pos_weight': 3, 'xgboost__subsample': 0.8168792818600886}",0.7607433449284713,0.7577050295217782,0.7758856610343412,0.7661905557411738,0.7651311478064411,0.006913427999461944,68
6.935214340686798,0.14364981591993195,0.5747585296630859,0.022943539370388635,5000,"(1, 1)",0.8,0.5883066757950567,0.6829820634171324,5,2,0,5,0,3,0.7193723376941695,"{'tvec__max_features': 5000, 'tvec__ngram_range': (1, 1), 'xgboost__colsample_bytree': 0.8, 'xgboost__gamma': 0.5883066757950567, 'xgboost__learning_rate': 0.6829820634171324, 'xgboost__max_depth': 5, 'xgboost__min_child_weight': 2, 'xgboost__min_split_loss': 0, 'xgboost__reg_alpha': 5, 'xgboost__reg_lambda': 0, 'xgboost__scale_pos_weight': 3, 'xgboost__subsample': 0.7193723376941695}",0.7642381823086839,0.7607870413304892,0.7739560636737383,0.7658502555345188,0.7662078857118576,0.004832893708126723,63
4.795951426029205,0.05640196208193456,0.5397632718086243,0.018941963508904727,2500,"(1, 1)",0.8,0.8995745732745685,0.3838912213732114,3,4,0.1,6,2,2.5,0.9699160618067375,"{'tvec__max_features': 2500, 'tvec__ngram_range': (1, 1), 'xgboost__colsample_bytree': 0.8, 'xgboost__gamma': 0.8995745732745685, 'xgboost__learning_rate': 0.3838912213732114, 'xgboost__max_depth': 3, 'xgboost__min_child_weight': 4, 'xgboost__min_split_loss': 0.1, 'xgboost__reg_alpha': 6, 'xgboost__reg_lambda': 2, 'xgboost__scale_pos_weight': 2.5, 'xgboost__subsample': 0.9699160618067375}",0.7731764778091328,0.7767691071178041,0.7801350111323382,0.7738351738101154,0.7759789424673476,0.002754397354196654,17
8.738624811172485,0.2540542478544912,1.1194294095039368,0.033598413853525834,7500,"(1, 3)",0.9,0.13927207266338726,0.794025189270296,2,0,0.05,6,10,2,0.5758374398663756,"{'tvec__max_features': 7500, 'tvec__ngram_range': (1, 3), 'xgboost__colsample_bytree': 0.9, 'xgboost__gamma': 0.13927207266338726, 'xgboost__learning_rate': 0.794025189270296, 'xgboost__max_depth': 2, 'xgboost__min_child_weight': 0, 'xgboost__min_split_loss': 0.05, 'xgboost__reg_alpha': 6, 'xgboost__reg_lambda': 10, 'xgboost__scale_pos_weight': 2, 'xgboost__subsample': 0.5758374398663756}",0.7552593252362445,0.7575615225295278,0.758975120485311,0.7633002647202447,0.758774058242832,0.0029304676275791336,79
6.093750715255737,0.18495536730496673,0.5064067840576172,0.03860440598806687,2500,"(1, 1)",0.8,0.7785719390507511,0.14312798554846962,5,1,0.05,4,10,2.5,0.6710408743579537,"{'tvec__max_features': 2500, 'tvec__ngram_range': (1, 1), 'xgboost__colsample_bytree': 0.8, 'xgboost__gamma': 0.7785719390507511, 'xgboost__learning_rate': 0.14312798554846962, 'xgboost__max_depth': 5, 'xgboost__min_child_weight': 1, 'xgboost__min_split_loss': 0.05, 'xgboost__reg_alpha': 4, 'xgboost__reg_lambda': 10, 'xgboost__scale_pos_weight': 2.5, 'xgboost__subsample': 0.6710408743579537}",0.7728776781937658,0.7758879718074748,0.7746292869497011,0.7778521440816795,0.7753117702581553,0.001814944560649667,20
6.942100405693054,0.25448771726789476,0.45089346170425415,0.057843437883816066,5000,"(1, 1)",1,0.3788215655569157,0.45700021928167833,5,4,0,3,1,3,0.8205738164426486,"{'tvec__max_features': 5000, 'tvec__ngram_range': (1, 1), 'xgboost__colsample_bytree': 1, 'xgboost__gamma': 0.3788215655569157, 'xgboost__learning_rate': 0.45700021928167833, 'xgboost__max_depth': 5, 'xgboost__min_child_weight': 4, 'xgboost__min_split_loss': 0, 'xgboost__reg_alpha': 3, 'xgboost__reg_lambda': 1, 'xgboost__scale_pos_weight': 3, 'xgboost__subsample': 0.8205738164426486}",0.7745968465221484,0.78019900745951,0.7803102776373743,0.7746849724380629,0.777447776014274,0.002807315113115337,14
7.532681703567505,0.46127992221633146,0.6872193217277527,0.03872412655099273,7500,"(1, 2)",1,0.5990293647773265,0.8267988278090783,3,1,0.05,5,7,3,0.7310029018220663,"{'tvec__max_features': 7500, 'tvec__ngram_range': (1, 2), 'xgboost__colsample_bytree': 1, 'xgboost__gamma': 0.5990293647773265, 'xgboost__learning_rate': 0.8267988278090783, 'xgboost__max_depth': 3, 'xgboost__min_child_weight': 1, 'xgboost__min_split_loss': 0.05, 'xgboost__reg_alpha': 5, 'xgboost__reg_lambda': 7, 'xgboost__scale_pos_weight': 3, 'xgboost__subsample': 0.7310029018220663}",0.7597122959372293,0.7655515448105636,0.7728770978436865,0.7737359394141886,0.7679692195014169,0.005730712565434278,51
7.123889148235321,0.12745004475136207,0.9346736669540405,0.04216505893199046,5000,"(1, 3)",0.9,0.5862298320167972,0.505888678884466,2,0,0.1,7,10,2,0.9612496905886478,"{'tvec__max_features': 5000, 'tvec__ngram_range': (1, 3), 'xgboost__colsample_bytree': 0.9, 'xgboost__gamma': 0.5862298320167972, 'xgboost__learning_rate': 0.505888678884466, 'xgboost__max_depth': 2, 'xgboost__min_child_weight': 0, 'xgboost__min_split_loss': 0.1, 'xgboost__reg_alpha': 7, 'xgboost__reg_lambda': 10, 'xgboost__scale_pos_weight': 2, 'xgboost__subsample': 0.9612496905886478}",0.7623227483093793,0.7678577628127846,0.7718406100464237,0.770224065078726,0.7680612965618283,0.00360323258010129,49
7.189377844333649,0.223986945167846,0.7047220468521118,0.05693946963346564,7500,"(1, 2)",0.8,0.5762883601668132,0.6067150463828559,3,2,0,7,8,2.5,0.9553430991278565,"{'tvec__max_features': 7500, 'tvec__ngram_range': (1, 2), 'xgboost__colsample_bytree': 0.8, 'xgboost__gamma': 0.5762883601668132, 'xgboost__learning_rate': 0.6067150463828559, 'xgboost__max_depth': 3, 'xgboost__min_child_weight': 2, 'xgboost__min_split_loss': 0, 'xgboost__reg_alpha': 7, 'xgboost__reg_lambda': 8, 'xgboost__scale_pos_weight': 2.5, 'xgboost__subsample': 0.9553430991278565}",0.7725995756855144,0.7809981048040956,0.7790207064346724,0.7858419407868122,0.7796150819277736,0.0047501877223114835,8
5.6259002685546875,0.1202256933762679,0.6852840781211853,0.03779288931123501,2500,"(1, 2)",0.8,0.9848411989623346,0.8388980864459341,3,0,0,5,6,3,0.7956377178724646,"{'tvec__max_features': 2500, 'tvec__ngram_range': (1, 2), 'xgboost__colsample_bytree': 0.8, 'xgboost__gamma': 0.9848411989623346, 'xgboost__learning_rate': 0.8388980864459341, 'xgboost__max_depth': 3, 'xgboost__min_child_weight': 0, 'xgboost__min_split_loss': 0, 'xgboost__reg_alpha': 5, 'xgboost__reg_lambda': 6, 'xgboost__scale_pos_weight': 3, 'xgboost__subsample': 0.7956377178724646}",0.7667328974094358,0.7565321244028468,0.7718394201855613,0.7700113179565233,0.7662789399885919,0.00591726450141558,62
5.825088143348694,0.1763091660211787,0.8760035634040833,0.03477623025825882,2500,"(1, 3)",0.8,0.7442496518432888,0.2055798083756375,2,4,0.05,8,2,3,0.7072522921018138,"{'tvec__max_features': 2500, 'tvec__ngram_range': (1, 3), 'xgboost__colsample_bytree': 0.8, 'xgboost__gamma': 0.7442496518432888, 'xgboost__learning_rate': 0.2055798083756375, 'xgboost__max_depth': 2, 'xgboost__min_child_weight': 4, 'xgboost__min_split_loss': 0.05, 'xgboost__reg_alpha': 8, 'xgboost__reg_lambda': 2, 'xgboost__scale_pos_weight': 3, 'xgboost__subsample': 0.7072522921018138}",0.7494757922353018,0.754060165930703,0.7578038214523347,0.7593843136359008,0.7551810233135601,0.0038194470326106,83
7.385820925235748,0.06217872895226264,0.8917810916900635,0.021809989419612475,5000,"(1, 3)",0.9,0.34634599436596125,0.3469532018962277,3,2,0,10,10,3,0.5704285101898999,"{'tvec__max_features': 5000, 'tvec__ngram_range': (1, 3), 'xgboost__colsample_bytree': 0.9, 'xgboost__gamma': 0.34634599436596125, 'xgboost__learning_rate': 0.3469532018962277, 'xgboost__max_depth': 3, 'xgboost__min_child_weight': 2, 'xgboost__min_split_loss': 0, 'xgboost__reg_alpha': 10, 'xgboost__reg_lambda': 10, 'xgboost__scale_pos_weight': 3, 'xgboost__subsample': 0.5704285101898999}",0.7601622795936516,0.7668828188720612,0.7713214737521453,0.7733144906967159,0.7679202657286435,0.0050479828614078135,52
6.3598620891571045,0.2612686171380925,0.8941998481750488,0.03310163107774742,2500,"(1, 3)",0.9,0.033879160246594986,0.3114731711327574,2,2,0.05,9,1,2,0.7575868412034064,"{'tvec__max_features': 2500, 'tvec__ngram_range': (1, 3), 'xgboost__colsample_bytree': 0.9, 'xgboost__gamma': 0.033879160246594986, 'xgboost__learning_rate': 0.3114731711327574, 'xgboost__max_depth': 2, 'xgboost__min_child_weight': 2, 'xgboost__min_split_loss': 0.05, 'xgboost__reg_alpha': 9, 'xgboost__reg_lambda': 1, 'xgboost__scale_pos_weight': 2, 'xgboost__subsample': 0.7575868412034064}",0.751258122425054,0.7575222869806937,0.7600449243867219,0.7655492207363239,0.7585936386321984,0.00513429511069861,80
4.179108083248138,0.055376393358037165,0.4111853837966919,0.02665901350956481,2500,"(1, 1)",0.8,0.5573053688900479,0.860632017890734,4,4,0,6,0,2,0.698659057728799,"{'tvec__max_features': 2500, 'tvec__ngram_range': (1, 1), 'xgboost__colsample_bytree': 0.8, 'xgboost__gamma': 0.5573053688900479, 'xgboost__learning_rate': 0.860632017890734, 'xgboost__max_depth': 4, 'xgboost__min_child_weight': 4, 'xgboost__min_split_loss': 0, 'xgboost__reg_alpha': 6, 'xgboost__reg_lambda': 0, 'xgboost__scale_pos_weight': 2, 'xgboost__subsample': 0.698659057728799}",0.7677541925915776,0.7613872263320469,0.7631812786340016,0.7665476329859893,0.7647175826359038,0.002550567946734862,69
6.904568552970886,0.3246591177829281,0.9139206409454346,0.013913566024903267,7500,"(1, 3)",1,0.349386999049333,0.46823182844137934,2,4,0,7,2,2.5,0.6470223396104857,"{'tvec__max_features': 7500, 'tvec__ngram_range': (1, 3), 'xgboost__colsample_bytree': 1, 'xgboost__gamma': 0.349386999049333, 'xgboost__learning_rate': 0.46823182844137934, 'xgboost__max_depth': 2, 'xgboost__min_child_weight': 4, 'xgboost__min_split_loss': 0, 'xgboost__reg_alpha': 7, 'xgboost__reg_lambda': 2, 'xgboost__scale_pos_weight': 2.5, 'xgboost__subsample': 0.6470223396104857}",0.7609712510045232,0.7652361147770589,0.769417696372257,0.7706288557441247,0.766563479474491,0.003798313922436521,58
7.7450756430625916,0.46159761875692,0.9466469883918762,0.04763268186149329,7500,"(1, 3)",0.9,0.52439026932758,0.44076274693822814,3,2,0.1,3,0,2,0.5377516819019446,"{'tvec__max_features': 7500, 'tvec__ngram_range': (1, 3), 'xgboost__colsample_bytree': 0.9, 'xgboost__gamma': 0.52439026932758, 'xgboost__learning_rate': 0.44076274693822814, 'xgboost__max_depth': 3, 'xgboost__min_child_weight': 2, 'xgboost__min_split_loss': 0.1, 'xgboost__reg_alpha': 3, 'xgboost__reg_lambda': 0, 'xgboost__scale_pos_weight': 2, 'xgboost__subsample': 0.5377516819019446}",0.7598396901999911,0.76529639484754,0.7790994752237652,0.7711839258364483,0.7688548715269361,0.007146898794534003,43
6.166581392288208,0.2442062904351489,0.6871064901351929,0.05416146156139832,7500,"(1, 2)",0.9,0.8974304098188842,0.5265784666592938,2,3,0.05,6,7,2,0.7758612976296699,"{'tvec__max_features': 7500, 'tvec__ngram_range': (1, 2), 'xgboost__colsample_bytree': 0.9, 'xgboost__gamma': 0.8974304098188842, 'xgboost__learning_rate': 0.5265784666592938, 'xgboost__max_depth': 2, 'xgboost__min_child_weight': 3, 'xgboost__min_split_loss': 0.05, 'xgboost__reg_alpha': 6, 'xgboost__reg_lambda': 7, 'xgboost__scale_pos_weight': 2, 'xgboost__subsample': 0.7758612976296699}",0.7592031946817475,0.7669071924705794,0.76695932484439,0.7749541189651447,0.7670059577404653,0.0055692976983081136,54
7.648144721984863,0.17005765146676413,0.8962147831916809,0.06027709004641258,7500,"(1, 3)",1,0.5055078791060338,0.5950489797004206,2,4,0.1,2,0,3,0.8604065481552533,"{'tvec__max_features': 7500, 'tvec__ngram_range': (1, 3), 'xgboost__colsample_bytree': 1, 'xgboost__gamma': 0.5055078791060338, 'xgboost__learning_rate': 0.5950489797004206, 'xgboost__max_depth': 2, 'xgboost__min_child_weight': 4, 'xgboost__min_split_loss': 0.1, 'xgboost__reg_alpha': 2, 'xgboost__reg_lambda': 0, 'xgboost__scale_pos_weight': 3, 'xgboost__subsample': 0.8604065481552533}",0.7657064874249612,0.7672511574486907,0.7692016176396397,0.7708802733443562,0.7682598839644119,0.0019551640525017826,48
5.893128037452698,0.23167632051902642,0.7054551243782043,0.054399851305294095,7500,"(1, 2)",0.9,0.8302198645669916,0.3971835296184548,2,4,0.05,6,1,3,0.8166203874554803,"{'tvec__max_features': 7500, 'tvec__ngram_range': (1, 2), 'xgboost__colsample_bytree': 0.9, 'xgboost__gamma': 0.8302198645669916, 'xgboost__learning_rate': 0.3971835296184548, 'xgboost__max_depth': 2, 'xgboost__min_child_weight': 4, 'xgboost__min_split_loss': 0.05, 'xgboost__reg_alpha': 6, 'xgboost__reg_lambda': 1, 'xgboost__scale_pos_weight': 3, 'xgboost__subsample': 0.8166203874554803}",0.7628919187550524,0.7716381673907409,0.7687842144490993,0.7755297736503884,0.7697110185613202,0.004607898149578797,40
7.958719193935394,0.010175853293973256,0.8454889059066772,0.025556480278480675,2500,"(1, 3)",0.8,0.026532203873819715,0.18143543508979731,5,4,0.05,1,0,3,0.8123806355216255,"{'tvec__max_features': 2500, 'tvec__ngram_range': (1, 3), 'xgboost__colsample_bytree': 0.8, 'xgboost__gamma': 0.026532203873819715, 'xgboost__learning_rate': 0.18143543508979731, 'xgboost__max_depth': 5, 'xgboost__min_child_weight': 4, 'xgboost__min_split_loss': 0.05, 'xgboost__reg_alpha': 1, 'xgboost__reg_lambda': 0, 'xgboost__scale_pos_weight': 3, 'xgboost__subsample': 0.8123806355216255}",0.7731769536046985,0.7773531223174179,0.7851597935543809,0.7844349303169884,0.7800311999483714,0.004996201213728485,6
